-- Insert mock data into user table
INSERT INTO users (id, full_name, username, phone_number) VALUES
    ('123e4567-e89b-12d3-a456-426614174000', 'John Doe', 'johndoe', '123-456-7890'),
    ('123e4567-e89b-12d3-a456-426614174001', 'Jane Smith', 'janesmith', '234-567-8901'),
    ('123e4567-e89b-12d3-a456-426614174002', 'Alice Johnson', 'alicej', '345-678-9012'),
    ('123e4567-e89b-12d3-a456-426614174003', 'Bob Brown', 'bobb', '456-789-0123'),
    ('123e4567-e89b-12d3-a456-426614174004', 'Carol White', 'carolw', '567-890-1234'),
    ('123e4567-e89b-12d3-a456-426614174005', 'Dave Black', 'daveb', '678-901-2345'),
    ('123e4567-e89b-12d3-a456-426614174006', 'Eve Green', 'eveg', '789-012-3456'),
    ('123e4567-e89b-12d3-a456-426614174007', 'Frank Blue', 'frankb', '890-123-4567'),
    ('123e4567-e89b-12d3-a456-426614174008', 'Grace Yellow', 'gracey', '901-234-5678'),
    ('123e4567-e89b-12d3-a456-426614174009', 'Hank Red', 'hankr', '012-345-6789');

-- Insert mock data into car table
INSERT INTO car (id, model, color, year, price) VALUES
    ('321e4567-e89b-12d3-a456-426614174000', 'Toyota Corolla', 'Red', '2020-01-01', 20000),
    ('321e4567-e89b-12d3-a456-426614174001', 'Honda Civic', 'Blue', '2019-01-01', 22000),
    ('321e4567-e89b-12d3-a456-426614174002', 'Ford Mustang', 'Black', '2018-01-01', 25000),
    ('321e4567-e89b-12d3-a456-426614174003', 'Chevrolet Camaro', 'White', '2021-01-01', 27000),
    ('321e4567-e89b-12d3-a456-426614174004', 'Nissan Altima', 'Silver', '2017-01-01', 23000),
    ('321e4567-e89b-12d3-a456-426614174005', 'BMW 3 Series', 'Gray', '2016-01-01', 35000),
    ('321e4567-e89b-12d3-a456-426614174006', 'Audi A4', 'Blue', '2015-01-01', 37000),
    ('321e4567-e89b-12d3-a456-426614174007', 'Mercedes C-Class', 'Black', '2014-01-01', 40000),
    ('321e4567-e89b-12d3-a456-426614174008', 'Volkswagen Jetta', 'Red', '2013-01-01', 18000),
    ('321e4567-e89b-12d3-a456-426614174009', 'Hyundai Elantra', 'White', '2022-01-01', 19000);

-- Insert mock relationships into car_and_user table
INSERT INTO car_and_user (car_id, user_id) VALUES
    ('321e4567-e89b-12d3-a456-426614174000', '123e4567-e89b-12d3-a456-426614174000'),
    ('321e4567-e89b-12d3-a456-426614174001', '123e4567-e89b-12d3-a456-426614174001'),
    ('321e4567-e89b-12d3-a456-426614174002', '123e4567-e89b-12d3-a456-426614174002'),
    ('321e4567-e89b-12d3-a456-426614174003', '123e4567-e89b-12d3-a456-426614174003'),
    ('321e4567-e89b-12d3-a456-426614174004', '123e4567-e89b-12d3-a456-426614174004'),
    ('321e4567-e89b-12d3-a456-426614174005', '123e4567-e89b-12d3-a456-426614174005'),
    ('321e4567-e89b-12d3-a456-426614174006', '123e4567-e89b-12d3-a456-426614174006'),
    ('321e4567-e89b-12d3-a456-426614174007', '123e4567-e89b-12d3-a456-426614174007'),
    ('321e4567-e89b-12d3-a456-426614174008', '123e4567-e89b-12d3-a456-426614174008'),
    ('321e4567-e89b-12d3-a456-426614174009', '123e4567-e89b-12d3-a456-426614174009');
